size,quickselect,heapselect,medianmediansselect
100, 0.000004, 0.000005, 0.000013
100, 0.000004, 0.000004, 0.000010
100, 0.000002, 0.000004, 0.000006
100, 0.000001, 0.000003, 0.000007
100, 0.000002, 0.000003, 0.000007
100, 0.000001, 0.000003, 0.000007
100, 0.000001, 0.000003, 0.000005
100, 0.000002, 0.000002, 0.000006
100, 0.000002, 0.000002, 0.000006
100, 0.000002, 0.000003, 0.000006
100, 0.000001, 0.000002, 0.000006
100, 0.000001, 0.000002, 0.000006
100, 0.000001, 0.000002, 0.000006
100, 0.000001, 0.000002, 0.000004
100, 0.000000, 0.000002, 0.000005
100, 0.000001, 0.000002, 0.000005
100, 0.000001, 0.000002, 0.000003
100, 0.000001, 0.000002, 0.000004
100, 0.000001, 0.000002, 0.000004
100, 0.000001, 0.000002, 0.000003
111, 0.000001, 0.000001, 0.000004
111, 0.000001, 0.000002, 0.000003
111, 0.000001, 0.000001, 0.000004
111, 0.000001, 0.000002, 0.000004
111, 0.000001, 0.000001, 0.000004
111, 0.000001, 0.000001, 0.000004
111, 0.000001, 0.000001, 0.000004
111, 0.000001, 0.000001, 0.000003
111, 0.000000, 0.000001, 0.000003
111, 0.000001, 0.000001, 0.000003
111, 0.000000, 0.000002, 0.000004
111, 0.000001, 0.000001, 0.000003
111, 0.000001, 0.000001, 0.000003
111, 0.000002, 0.000001, 0.000003
111, 0.000001, 0.000001, 0.000003
111, 0.000000, 0.000001, 0.000003
111, 0.000001, 0.000001, 0.000003
111, 0.000000, 0.000001, 0.000003
111, 0.000001, 0.000001, 0.000003
111, 0.000001, 0.000001, 0.000003
124, 0.000001, 0.000001, 0.000003
124, 0.000000, 0.000001, 0.000004
124, 0.000001, 0.000001, 0.000003
124, 0.000001, 0.000001, 0.000003
124, 0.000000, 0.000001, 0.000004
124, 0.000001, 0.000001, 0.000003
124, 0.000000, 0.000002, 0.000003
124, 0.000001, 0.000001, 0.000003
124, 0.000001, 0.000001, 0.000003
124, 0.000001, 0.000001, 0.000003
124, 0.000001, 0.000001, 0.000003
124, 0.000000, 0.000002, 0.000004
124, 0.000001, 0.000001, 0.000003
124, 0.000001, 0.000001, 0.000003
124, 0.000002, 0.000001, 0.000003
124, 0.000000, 0.000001, 0.000003
124, 0.000000, 0.000002, 0.000003
124, 0.000001, 0.000001, 0.000003
124, 0.000000, 0.000001, 0.000003
124, 0.000000, 0.000002, 0.000004
138, 0.000001, 0.000001, 0.000004
138, 0.000000, 0.000001, 0.000004
138, 0.000000, 0.000002, 0.000004
138, 0.000001, 0.000001, 0.000003
138, 0.000001, 0.000001, 0.000004
138, 0.000001, 0.000001, 0.000004
138, 0.000001, 0.000001, 0.000004
138, 0.000001, 0.000001, 0.000004
138, 0.000001, 0.000001, 0.000003
138, 0.000001, 0.000001, 0.000003
138, 0.000001, 0.000001, 0.000003
138, 0.000000, 0.000002, 0.000004
138, 0.000000, 0.000001, 0.000005
138, 0.000002, 0.000001, 0.000005
138, 0.000000, 0.000002, 0.000004
138, 0.000001, 0.000001, 0.000004
138, 0.000001, 0.000001, 0.000003
138, 0.000000, 0.000002, 0.000004
138, 0.000001, 0.000001, 0.000003
138, 0.000001, 0.000001, 0.000003
154, 0.000001, 0.000001, 0.000004
154, 0.000001, 0.000001, 0.000004
154, 0.000000, 0.000002, 0.000004
154, 0.000001, 0.000001, 0.000004
154, 0.000000, 0.000002, 0.000004
154, 0.000001, 0.000002, 0.000004
154, 0.000001, 0.000001, 0.000004
154, 0.000002, 0.000001, 0.000004
154, 0.000000, 0.000002, 0.000005
154, 0.000001, 0.000001, 0.000004
154, 0.000002, 0.000001, 0.000004
154, 0.000000, 0.000002, 0.000004
154, 0.000000, 0.000002, 0.000004
154, 0.000001, 0.000002, 0.000005
154, 0.000001, 0.000002, 0.000005
154, 0.000001, 0.000002, 0.000004
154, 0.000002, 0.000001, 0.000004
154, 0.000001, 0.000001, 0.000003
154, 0.000000, 0.000002, 0.000005
154, 0.000001, 0.000002, 0.000004
172, 0.000001, 0.000002, 0.000005
172, 0.000002, 0.000002, 0.000005
172, 0.000003, 0.000001, 0.000004
172, 0.000001, 0.000001, 0.000004
172, 0.000001, 0.000002, 0.000004
172, 0.000001, 0.000002, 0.000004
172, 0.000001, 0.000002, 0.000005
172, 0.000001, 0.000001, 0.000004
172, 0.000001, 0.000002, 0.000005
172, 0.000001, 0.000002, 0.000005
172, 0.000002, 0.000002, 0.000005
172, 0.000001, 0.000001, 0.000004
172, 0.000002, 0.000002, 0.000005
172, 0.000001, 0.000002, 0.000004
172, 0.000002, 0.000002, 0.000004
172, 0.000002, 0.000002, 0.000005
172, 0.000001, 0.000002, 0.000005
172, 0.000001, 0.000002, 0.000005
172, 0.000001, 0.000002, 0.000005
172, 0.000002, 0.000001, 0.000004
192, 0.000001, 0.000002, 0.000005
192, 0.000001, 0.000002, 0.000005
192, 0.000001, 0.000002, 0.000006
192, 0.000002, 0.000002, 0.000005
192, 0.000002, 0.000002, 0.000006
192, 0.000001, 0.000002, 0.000006
192, 0.000001, 0.000002, 0.000005
192, 0.000001, 0.000002, 0.000006
192, 0.000002, 0.000002, 0.000005
192, 0.000000, 0.000003, 0.000005
192, 0.000001, 0.000002, 0.000005
192, 0.000001, 0.000002, 0.000007
192, 0.000002, 0.000002, 0.000005
192, 0.000001, 0.000002, 0.000006
192, 0.000001, 0.000002, 0.000005
192, 0.000001, 0.000002, 0.000006
192, 0.000001, 0.000002, 0.000005
192, 0.000001, 0.000002, 0.000005
192, 0.000001, 0.000002, 0.000005
192, 0.000002, 0.000002, 0.000005
214, 0.000001, 0.000002, 0.000007
214, 0.000002, 0.000002, 0.000005
214, 0.000002, 0.000002, 0.000005
214, 0.000001, 0.000002, 0.000006
214, 0.000001, 0.000002, 0.000006
214, 0.000002, 0.000002, 0.000006
214, 0.000002, 0.000002, 0.000006
214, 0.000002, 0.000002, 0.000005
214, 0.000001, 0.000002, 0.000006
214, 0.000001, 0.000003, 0.000006
214, 0.000001, 0.000002, 0.000007
214, 0.000001, 0.000002, 0.000006
214, 0.000001, 0.000002, 0.000006
214, 0.000001, 0.000002, 0.000005
214, 0.000002, 0.000002, 0.000006
214, 0.000001, 0.000002, 0.000005
214, 0.000001, 0.000002, 0.000006
214, 0.000002, 0.000002, 0.000005
214, 0.000001, 0.000002, 0.000005
214, 0.000001, 0.000002, 0.000007
239, 0.000001, 0.000002, 0.000007
239, 0.000002, 0.000002, 0.000006
239, 0.000001, 0.000002, 0.000007
239, 0.000001, 0.000002, 0.000008
239, 0.000001, 0.000002, 0.000008
239, 0.000001, 0.000002, 0.000009
239, 0.000002, 0.000002, 0.000006
239, 0.000001, 0.000002, 0.000007
239, 0.000001, 0.000002, 0.000008
239, 0.000001, 0.000002, 0.000006
239, 0.000002, 0.000003, 0.000007
239, 0.000002, 0.000002, 0.000006
239, 0.000002, 0.000002, 0.000007
239, 0.000002, 0.000002, 0.000006
239, 0.000001, 0.000002, 0.000006
239, 0.000001, 0.000002, 0.000008
239, 0.000001, 0.000002, 0.000006
239, 0.000001, 0.000002, 0.000007
239, 0.000004, 0.000002, 0.000007
239, 0.000001, 0.000003, 0.000007
267, 0.000001, 0.000003, 0.000008
267, 0.000002, 0.000002, 0.000009
267, 0.000002, 0.000003, 0.000007
267, 0.000002, 0.000003, 0.000008
267, 0.000002, 0.000002, 0.000008
267, 0.000001, 0.000002, 0.000008
267, 0.000002, 0.000003, 0.000007
267, 0.000002, 0.000002, 0.000008
267, 0.000003, 0.000002, 0.000008
267, 0.000001, 0.000003, 0.000009
267, 0.000002, 0.000002, 0.000009
267, 0.000002, 0.000002, 0.000006
267, 0.000003, 0.000002, 0.000008
267, 0.000002, 0.000002, 0.000008
267, 0.000004, 0.000002, 0.000007
267, 0.000001, 0.000003, 0.000009
267, 0.000001, 0.000002, 0.000009
267, 0.000002, 0.000003, 0.000007
267, 0.000003, 0.000002, 0.000008
267, 0.000002, 0.000003, 0.000008
298, 0.000001, 0.000003, 0.000008
298, 0.000004, 0.000002, 0.000008
298, 0.000001, 0.000003, 0.000009
298, 0.000002, 0.000003, 0.000009
298, 0.000004, 0.000002, 0.000009
298, 0.000001, 0.000003, 0.000010
298, 0.000002, 0.000003, 0.000009
298, 0.000001, 0.000003, 0.000008
298, 0.000002, 0.000003, 0.000010
298, 0.000002, 0.000002, 0.000009
298, 0.000003, 0.000002, 0.000008
298, 0.000001, 0.000003, 0.000010
298, 0.000001, 0.000003, 0.000009
298, 0.000001, 0.000003, 0.000011
298, 0.000002, 0.000003, 0.000009
298, 0.000001, 0.000004, 0.000009
298, 0.000004, 0.000003, 0.000009
298, 0.000002, 0.000002, 0.000008
298, 0.000003, 0.000002, 0.000008
298, 0.000003, 0.000004, 0.000009
332, 0.000001, 0.000003, 0.000011
332, 0.000002, 0.000003, 0.000011
332, 0.000002, 0.000003, 0.000012
332, 0.000005, 0.000003, 0.000008
332, 0.000003, 0.000003, 0.000009
332, 0.000001, 0.000004, 0.000010
332, 0.000004, 0.000003, 0.000009
332, 0.000001, 0.000004, 0.000011
332, 0.000001, 0.000003, 0.000011
332, 0.000003, 0.000003, 0.000008
332, 0.000004, 0.000003, 0.000008
332, 0.000002, 0.000003, 0.000010
332, 0.000002, 0.000003, 0.000010
332, 0.000001, 0.000003, 0.000010
332, 0.000003, 0.000003, 0.000010
332, 0.000001, 0.000004, 0.000011
332, 0.000003, 0.000002, 0.000010
332, 0.000003, 0.000003, 0.000010
332, 0.000002, 0.000002, 0.000008
332, 0.000001, 0.000003, 0.000010
371, 0.000002, 0.000003, 0.000011
371, 0.000001, 0.000004, 0.000015
371, 0.000008, 0.000003, 0.000010
371, 0.000003, 0.000003, 0.000012
371, 0.000001, 0.000005, 0.000013
371, 0.000004, 0.000003, 0.000013
371, 0.000001, 0.000004, 0.000014
371, 0.000002, 0.000004, 0.000011
371, 0.000002, 0.000004, 0.000015
371, 0.000002, 0.000003, 0.000014
371, 0.000002, 0.000003, 0.000015
371, 0.000002, 0.000003, 0.000013
371, 0.000003, 0.000003, 0.000011
371, 0.000002, 0.000003, 0.000014
371, 0.000003, 0.000003, 0.000011
371, 0.000003, 0.000003, 0.000012
371, 0.000003, 0.000004, 0.000011
371, 0.000001, 0.000005, 0.000012
371, 0.000002, 0.000003, 0.000013
371, 0.000002, 0.000003, 0.000013
414, 0.000005, 0.000004, 0.000014
414, 0.000002, 0.000004, 0.000016
414, 0.000003, 0.000004, 0.000011
414, 0.000002, 0.000005, 0.000014
414, 0.000002, 0.000004, 0.000013
414, 0.000001, 0.000004, 0.000014
414, 0.000003, 0.000003, 0.000012
414, 0.000001, 0.000004, 0.000014
414, 0.000006, 0.000003, 0.000012
414, 0.000002, 0.000004, 0.000012
414, 0.000003, 0.000003, 0.000013
414, 0.000005, 0.000003, 0.000011
414, 0.000003, 0.000003, 0.000014
414, 0.000002, 0.000003, 0.000012
414, 0.000002, 0.000004, 0.000015
414, 0.000002, 0.000005, 0.000013
414, 0.000001, 0.000004, 0.000015
414, 0.000004, 0.000003, 0.000012
414, 0.000001, 0.000004, 0.000014
414, 0.000003, 0.000003, 0.000012
461, 0.000002, 0.000004, 0.000017
461, 0.000004, 0.000003, 0.000014
461, 0.000003, 0.000004, 0.000017
461, 0.000006, 0.000003, 0.000014
461, 0.000005, 0.000003, 0.000015
461, 0.000002, 0.000004, 0.000018
461, 0.000004, 0.000004, 0.000012
461, 0.000004, 0.000003, 0.000015
461, 0.000005, 0.000004, 0.000013
461, 0.000002, 0.000004, 0.000016
461, 0.000002, 0.000004, 0.000014
461, 0.000002, 0.000005, 0.000015
461, 0.000006, 0.000004, 0.000013
461, 0.000003, 0.000004, 0.000013
461, 0.000002, 0.000004, 0.000012
461, 0.000002, 0.000004, 0.000017
461, 0.000001, 0.000005, 0.000017
461, 0.000004, 0.000003, 0.000015
461, 0.000002, 0.000004, 0.000017
461, 0.000003, 0.000004, 0.000017
515, 0.000003, 0.000004, 0.000015
515, 0.000002, 0.000005, 0.000019
515, 0.000004, 0.000005, 0.000014
515, 0.000003, 0.000004, 0.000019
515, 0.000006, 0.000004, 0.000017
515, 0.000002, 0.000004, 0.000016
515, 0.000004, 0.000004, 0.000020
515, 0.000002, 0.000005, 0.000018
515, 0.000006, 0.000004, 0.000015
515, 0.000001, 0.000006, 0.000018
515, 0.000004, 0.000004, 0.000018
515, 0.000005, 0.000004, 0.000018
515, 0.000002, 0.000004, 0.000018
515, 0.000003, 0.000005, 0.000014
515, 0.000002, 0.000005, 0.000018
515, 0.000002, 0.000005, 0.000019
515, 0.000003, 0.000004, 0.000019
515, 0.000002, 0.000004, 0.000018
515, 0.000004, 0.000005, 0.000016
515, 0.000005, 0.000004, 0.000018
574, 0.000001, 0.000006, 0.000022
574, 0.000002, 0.000006, 0.000020
574, 0.000003, 0.000005, 0.000018
574, 0.000005, 0.000004, 0.000020
574, 0.000004, 0.000005, 0.000019
574, 0.000008, 0.000004, 0.000017
574, 0.000004, 0.000004, 0.000021
574, 0.000003, 0.000004, 0.000023
574, 0.000005, 0.000006, 0.000017
574, 0.000002, 0.000006, 0.000022
574, 0.000004, 0.000005, 0.000016
574, 0.000004, 0.000004, 0.000021
574, 0.000005, 0.000004, 0.000019
574, 0.000003, 0.000005, 0.000021
574, 0.000003, 0.000004, 0.000017
574, 0.000004, 0.000005, 0.000018
574, 0.000004, 0.000004, 0.000016
574, 0.000006, 0.000005, 0.000016
574, 0.000004, 0.000005, 0.000020
574, 0.000004, 0.000004, 0.000017
641, 0.000005, 0.000005, 0.000021
641, 0.000002, 0.000006, 0.000024
641, 0.000002, 0.000006, 0.000025
641, 0.000006, 0.000004, 0.000024
641, 0.000002, 0.000006, 0.000024
641, 0.000006, 0.000005, 0.000016
641, 0.000007, 0.000006, 0.000019
641, 0.000001, 0.000008, 0.000025
641, 0.000002, 0.000006, 0.000024
641, 0.000004, 0.000006, 0.000025
641, 0.000004, 0.000005, 0.000018
641, 0.000008, 0.000005, 0.000021
641, 0.000003, 0.000005, 0.000021
641, 0.000006, 0.000004, 0.000019
641, 0.000004, 0.000005, 0.000025
641, 0.000003, 0.000006, 0.000021
641, 0.000003, 0.000006, 0.000025
641, 0.000003, 0.000006, 0.000025
641, 0.000004, 0.000005, 0.000020
641, 0.000002, 0.000006, 0.000025
715, 0.000005, 0.000005, 0.000023
715, 0.000005, 0.000006, 0.000024
715, 0.000002, 0.000007, 0.000028
715, 0.000006, 0.000006, 0.000022
715, 0.000005, 0.000005, 0.000027
715, 0.000005, 0.000005, 0.000029
715, 0.000005, 0.000006, 0.000026
715, 0.000003, 0.000007, 0.000029
715, 0.000004, 0.000006, 0.000028
715, 0.000006, 0.000005, 0.000028
715, 0.000012, 0.000005, 0.000022
715, 0.000007, 0.000005, 0.000023
715, 0.000006, 0.000005, 0.000023
715, 0.000002, 0.000007, 0.000029
715, 0.000004, 0.000006, 0.000025
715, 0.000002, 0.000007, 0.000027
715, 0.000004, 0.000007, 0.000027
715, 0.000003, 0.000006, 0.000026
715, 0.000010, 0.000005, 0.000021
715, 0.000003, 0.000007, 0.000026
797, 0.000008, 0.000006, 0.000026
797, 0.000005, 0.000007, 0.000029
797, 0.000008, 0.000006, 0.000024
797, 0.000007, 0.000007, 0.000029
797, 0.000002, 0.000010, 0.000033
797, 0.000007, 0.000006, 0.000023
797, 0.000006, 0.000005, 0.000026
797, 0.000001, 0.000011, 0.000029
797, 0.000005, 0.000006, 0.000026
797, 0.000012, 0.000007, 0.000026
797, 0.000010, 0.000005, 0.000026
797, 0.000008, 0.000006, 0.000025
797, 0.000004, 0.000006, 0.000025
797, 0.000008, 0.000005, 0.000029
797, 0.000010, 0.000005, 0.000026
797, 0.000009, 0.000006, 0.000026
797, 0.000007, 0.000006, 0.000028
797, 0.000004, 0.000007, 0.000031
797, 0.000004, 0.000007, 0.000031
797, 0.000002, 0.000010, 0.000031
889, 0.000006, 0.000008, 0.000036
889, 0.000010, 0.000008, 0.000030
889, 0.000006, 0.000007, 0.000031
889, 0.000008, 0.000006, 0.000026
889, 0.000007, 0.000006, 0.000028
889, 0.000004, 0.000009, 0.000034
889, 0.000004, 0.000009, 0.000038
889, 0.000003, 0.000009, 0.000034
889, 0.000008, 0.000008, 0.000029
889, 0.000003, 0.000009, 0.000036
889, 0.000006, 0.000008, 0.000033
889, 0.000006, 0.000007, 0.000034
889, 0.000003, 0.000008, 0.000036
889, 0.000003, 0.000009, 0.000035
889, 0.000005, 0.000007, 0.000035
889, 0.000009, 0.000007, 0.000037
889, 0.000006, 0.000007, 0.000031
889, 0.000007, 0.000006, 0.000026
889, 0.000007, 0.000008, 0.000037
889, 0.000005, 0.000007, 0.000033
992, 0.000007, 0.000009, 0.000034
992, 0.000012, 0.000006, 0.000035
992, 0.000004, 0.000009, 0.000045
992, 0.000004, 0.000009, 0.000042
992, 0.000008, 0.000009, 0.000034
992, 0.000003, 0.000010, 0.000042
992, 0.000002, 0.000012, 0.000040
992, 0.000010, 0.000008, 0.000039
992, 0.000005, 0.000010, 0.000041
992, 0.000006, 0.000010, 0.000036
992, 0.000003, 0.000010, 0.000041
992, 0.000004, 0.000009, 0.000041
992, 0.000009, 0.000007, 0.000037
992, 0.000004, 0.000011, 0.000041
992, 0.000005, 0.000008, 0.000043
992, 0.000005, 0.000012, 0.000040
992, 0.000006, 0.000011, 0.000039
992, 0.000007, 0.000009, 0.000043
992, 0.000004, 0.000008, 0.000043
992, 0.000003, 0.000013, 0.000042
1107, 0.000011, 0.000008, 0.000043
1107, 0.000015, 0.000009, 0.000045
1107, 0.000003, 0.000011, 0.000049
1107, 0.000013, 0.000008, 0.000041
1107, 0.000009, 0.000008, 0.000041
1107, 0.000003, 0.000011, 0.000047
1107, 0.000015, 0.000008, 0.000039
1107, 0.000006, 0.000011, 0.000048
1107, 0.000003, 0.000011, 0.000048
1107, 0.000009, 0.000009, 0.000041
1107, 0.000005, 0.000009, 0.000047
1107, 0.000007, 0.000009, 0.000045
1107, 0.000008, 0.000010, 0.000048
1107, 0.000009, 0.000008, 0.000041
1107, 0.000003, 0.000012, 0.000047
1107, 0.000011, 0.000008, 0.000046
1107, 0.000006, 0.000011, 0.000039
1107, 0.000007, 0.000008, 0.000037
1107, 0.000007, 0.000008, 0.000048
1107, 0.000005, 0.000011, 0.000046
1235, 0.000014, 0.000008, 0.000052
1235, 0.000015, 0.000010, 0.000051
1235, 0.000007, 0.000009, 0.000046
1235, 0.000014, 0.000010, 0.000044
1235, 0.000009, 0.000009, 0.000045
1235, 0.000004, 0.000016, 0.000053
1235, 0.000017, 0.000009, 0.000050
1235, 0.000009, 0.000009, 0.000050
1235, 0.000012, 0.000011, 0.000046
1235, 0.000011, 0.000010, 0.000045
1235, 0.000004, 0.000011, 0.000055
1235, 0.000018, 0.000008, 0.000046
1235, 0.000003, 0.000018, 0.000054
1235, 0.000009, 0.000011, 0.000055
1235, 0.000010, 0.000009, 0.000047
1235, 0.000006, 0.000010, 0.000053
1235, 0.000005, 0.000011, 0.000057
1235, 0.000018, 0.000008, 0.000047
1235, 0.000011, 0.000011, 0.000050
1235, 0.000016, 0.000008, 0.000044
1377, 0.000009, 0.000010, 0.000057
1377, 0.000007, 0.000012, 0.000044
1377, 0.000021, 0.000011, 0.000048
1377, 0.000007, 0.000013, 0.000062
1377, 0.000013, 0.000010, 0.000049
1377, 0.000013, 0.000010, 0.000062
1377, 0.000006, 0.000012, 0.000061
1377, 0.000012, 0.000013, 0.000060
1377, 0.000013, 0.000010, 0.000055
1377, 0.000014, 0.000011, 0.000054
1377, 0.000009, 0.000012, 0.000065
1377, 0.000013, 0.000013, 0.000055
1377, 0.000007, 0.000011, 0.000067
1377, 0.000008, 0.000013, 0.000059
1377, 0.000007, 0.000011, 0.000061
1377, 0.000017, 0.000010, 0.000051
1377, 0.000005, 0.000014, 0.000060
1377, 0.000005, 0.000013, 0.000064
1377, 0.000011, 0.000011, 0.000053
1377, 0.000012, 0.000012, 0.000049
1536, 0.000014, 0.000015, 0.000059
1536, 0.000006, 0.000018, 0.000064
1536, 0.000017, 0.000013, 0.000052
1536, 0.000003, 0.000022, 0.000066
1536, 0.000006, 0.000015, 0.000067
1536, 0.000008, 0.000014, 0.000069
1536, 0.000011, 0.000012, 0.000057
1536, 0.000009, 0.000013, 0.000068
1536, 0.000017, 0.000013, 0.000066
1536, 0.000008, 0.000021, 0.000063
1536, 0.000016, 0.000011, 0.000056
1536, 0.000013, 0.000013, 0.000064
1536, 0.000006, 0.000016, 0.000071
1536, 0.000010, 0.000012, 0.000071
1536, 0.000004, 0.000019, 0.000072
1536, 0.000009, 0.000012, 0.000069
1536, 0.000002, 0.000022, 0.000063
1536, 0.000019, 0.000011, 0.000045
1536, 0.000017, 0.000013, 0.000061
1536, 0.000005, 0.000019, 0.000068
1714, 0.000006, 0.000018, 0.000079
1714, 0.000016, 0.000010, 0.000066
1714, 0.000011, 0.000015, 0.000077
1714, 0.000003, 0.000025, 0.000074
1714, 0.000010, 0.000014, 0.000077
1714, 0.000012, 0.000013, 0.000061
1714, 0.000004, 0.000023, 0.000076
1714, 0.000023, 0.000013, 0.000068
1714, 0.000013, 0.000017, 0.000074
1714, 0.000011, 0.000013, 0.000064
1714, 0.000014, 0.000013, 0.000062
1714, 0.000020, 0.000012, 0.000075
1714, 0.000009, 0.000014, 0.000084
1714, 0.000015, 0.000015, 0.000070
1714, 0.000016, 0.000013, 0.000077
1714, 0.000011, 0.000019, 0.000075
1714, 0.000004, 0.000022, 0.000078
1714, 0.000017, 0.000014, 0.000077
1714, 0.000016, 0.000013, 0.000072
1714, 0.000006, 0.000018, 0.000077
1912, 0.000015, 0.000015, 0.000070
1912, 0.000010, 0.000017, 0.000090
1912, 0.000016, 0.000016, 0.000072
1912, 0.000015, 0.000016, 0.000085
1912, 0.000021, 0.000016, 0.000073
1912, 0.000005, 0.000021, 0.000087
1912, 0.000014, 0.000016, 0.000086
1912, 0.000017, 0.000012, 0.000074
1912, 0.000016, 0.000021, 0.000075
1912, 0.000019, 0.000014, 0.000082
1912, 0.000018, 0.000013, 0.000080
1912, 0.000027, 0.000012, 0.000083
1912, 0.000014, 0.000016, 0.000093
1912, 0.000012, 0.000015, 0.000085
1912, 0.000040, 0.000012, 0.000072
1912, 0.000007, 0.000018, 0.000090
1912, 0.000010, 0.000016, 0.000088
1912, 0.000019, 0.000016, 0.000091
1912, 0.000004, 0.000025, 0.000086
1912, 0.000010, 0.000016, 0.000071
2133, 0.000020, 0.000017, 0.000080
2133, 0.000015, 0.000015, 0.000084
2133, 0.000034, 0.000013, 0.000083
2133, 0.000017, 0.000017, 0.000081
2133, 0.000014, 0.000025, 0.000098
2133, 0.000011, 0.000030, 0.000094
2133, 0.000013, 0.000018, 0.000104
2133, 0.000012, 0.000019, 0.000103
2133, 0.000005, 0.000028, 0.000104
2133, 0.000020, 0.000015, 0.000100
2133, 0.000025, 0.000016, 0.000089
2133, 0.000014, 0.000018, 0.000099
2133, 0.000018, 0.000016, 0.000089
2133, 0.000005, 0.000028, 0.000101
2133, 0.000024, 0.000015, 0.000080
2133, 0.000032, 0.000013, 0.000088
2133, 0.000017, 0.000015, 0.000099
2133, 0.000015, 0.000015, 0.000100
2133, 0.000005, 0.000030, 0.000102
2133, 0.000029, 0.000013, 0.000072
2379, 0.000025, 0.000015, 0.000092
2379, 0.000018, 0.000018, 0.000090
2379, 0.000023, 0.000020, 0.000089
2379, 0.000013, 0.000020, 0.000108
2379, 0.000025, 0.000020, 0.000086
2379, 0.000006, 0.000033, 0.000112
2379, 0.000023, 0.000018, 0.000096
2379, 0.000019, 0.000017, 0.000112
2379, 0.000022, 0.000017, 0.000084
2379, 0.000018, 0.000019, 0.000097
2379, 0.000018, 0.000020, 0.000083
2379, 0.000024, 0.000016, 0.000094
2379, 0.000012, 0.000021, 0.000116
2379, 0.000014, 0.000031, 0.000104
2379, 0.000010, 0.000023, 0.000119
2379, 0.000008, 0.000026, 0.000109
2379, 0.000024, 0.000018, 0.000102
2379, 0.000031, 0.000018, 0.000095
2379, 0.000021, 0.000019, 0.000092
2379, 0.000007, 0.000025, 0.000109
2654, 0.000025, 0.000022, 0.000109
2654, 0.000022, 0.000020, 0.000107
2654, 0.000022, 0.000021, 0.000127
2654, 0.000038, 0.000017, 0.000098
2654, 0.000035, 0.000018, 0.000105
2654, 0.000023, 0.000021, 0.000105
2654, 0.000022, 0.000023, 0.000107
2654, 0.000015, 0.000034, 0.000123
2654, 0.000026, 0.000021, 0.000119
2654, 0.000025, 0.000018, 0.000120
2654, 0.000014, 0.000022, 0.000128
2654, 0.000026, 0.000023, 0.000123
2654, 0.000012, 0.000023, 0.000127
2654, 0.000041, 0.000018, 0.000109
2654, 0.000038, 0.000017, 0.000104
2654, 0.000030, 0.000020, 0.000123
2654, 0.000007, 0.000031, 0.000126
2654, 0.000026, 0.000021, 0.000123
2654, 0.000012, 0.000027, 0.000124
2654, 0.000005, 0.000040, 0.000121
2960, 0.000007, 0.000037, 0.000141
2960, 0.000015, 0.000027, 0.000148
2960, 0.000041, 0.000022, 0.000134
2960, 0.000026, 0.000023, 0.000144
2960, 0.000022, 0.000025, 0.000119
2960, 0.000044, 0.000022, 0.000118
2960, 0.000033, 0.000020, 0.000138
2960, 0.000007, 0.000039, 0.000146
2960, 0.000024, 0.000023, 0.000115
2960, 0.000030, 0.000022, 0.000128
2960, 0.000019, 0.000029, 0.000120
2960, 0.000050, 0.000017, 0.000121
2960, 0.000020, 0.000027, 0.000140
2960, 0.000028, 0.000023, 0.000122
2960, 0.000035, 0.000021, 0.000142
2960, 0.000018, 0.000024, 0.000138
2960, 0.000010, 0.000029, 0.000141
2960, 0.000022, 0.000030, 0.000131
2960, 0.000035, 0.000027, 0.000114
2960, 0.000014, 0.000028, 0.000140
3302, 0.000025, 0.000025, 0.000138
3302, 0.000024, 0.000027, 0.000163
3302, 0.000013, 0.000032, 0.000165
3302, 0.000012, 0.000035, 0.000153
3302, 0.000006, 0.000052, 0.000149
3302, 0.000007, 0.000046, 0.000158
3302, 0.000024, 0.000028, 0.000132
3302, 0.000018, 0.000034, 0.000139
3302, 0.000021, 0.000039, 0.000146
3302, 0.000015, 0.000032, 0.000161
3302, 0.000014, 0.000032, 0.000152
3302, 0.000026, 0.000026, 0.000155
3302, 0.000024, 0.000028, 0.000165
3302, 0.000035, 0.000022, 0.000134
3302, 0.000008, 0.000043, 0.000160
3302, 0.000045, 0.000020, 0.000147
3302, 0.000007, 0.000048, 0.000156
3302, 0.000019, 0.000032, 0.000140
3302, 0.000028, 0.000029, 0.000145
3302, 0.000014, 0.000031, 0.000158
3684, 0.000027, 0.000031, 0.000182
3684, 0.000059, 0.000025, 0.000125
3684, 0.000036, 0.000028, 0.000155
3684, 0.000043, 0.000022, 0.000149
3684, 0.000062, 0.000023, 0.000138
3684, 0.000042, 0.000029, 0.000150
3684, 0.000013, 0.000041, 0.000178
3684, 0.000039, 0.000024, 0.000169
3684, 0.000035, 0.000028, 0.000159
3684, 0.000015, 0.000040, 0.000174
3684, 0.000054, 0.000023, 0.000148
3684, 0.000015, 0.000040, 0.000174
3684, 0.000048, 0.000024, 0.000152
3684, 0.000028, 0.000034, 0.000152
3684, 0.000046, 0.000028, 0.000162
3684, 0.000041, 0.000027, 0.000169
3684, 0.000047, 0.000027, 0.000164
3684, 0.000032, 0.000026, 0.000167
3684, 0.000059, 0.000022, 0.000144
3684, 0.000020, 0.000034, 0.000178
4109, 0.000025, 0.000037, 0.000203
4109, 0.000026, 0.000037, 0.000202
4109, 0.000025, 0.000034, 0.000204
4109, 0.000042, 0.000033, 0.000210
4109, 0.000030, 0.000034, 0.000196
4109, 0.000046, 0.000026, 0.000192
4109, 0.000026, 0.000035, 0.000198
4109, 0.000034, 0.000035, 0.000181
4109, 0.000009, 0.000057, 0.000203
4109, 0.000021, 0.000037, 0.000201
4109, 0.000018, 0.000039, 0.000201
4109, 0.000016, 0.000040, 0.000196
4109, 0.000054, 0.000027, 0.000168
4109, 0.000027, 0.000034, 0.000199
4109, 0.000009, 0.000058, 0.000200
4109, 0.000033, 0.000031, 0.000193
4109, 0.000023, 0.000036, 0.000202
4109, 0.000016, 0.000046, 0.000195
4109, 0.000057, 0.000024, 0.000183
4109, 0.000054, 0.000030, 0.000184
4584, 0.000070, 0.000028, 0.000189
4584, 0.000028, 0.000043, 0.000230
4584, 0.000060, 0.000032, 0.000173
4584, 0.000031, 0.000039, 0.000179
4584, 0.000081, 0.000027, 0.000193
4584, 0.000063, 0.000033, 0.000184
4584, 0.000058, 0.000026, 0.000187
4584, 0.000057, 0.000031, 0.000211
4584, 0.000058, 0.000031, 0.000229
4584, 0.000033, 0.000052, 0.000230
4584, 0.000030, 0.000038, 0.000204
4584, 0.000031, 0.000053, 0.000207
4584, 0.000028, 0.000038, 0.000226
4584, 0.000042, 0.000038, 0.000223
4584, 0.000022, 0.000043, 0.000232
4584, 0.000028, 0.000055, 0.000209
4584, 0.000026, 0.000039, 0.000235
4584, 0.000024, 0.000043, 0.000232
4584, 0.000026, 0.000054, 0.000188
4584, 0.000031, 0.000042, 0.000235
5113, 0.000041, 0.000040, 0.000251
5113, 0.000026, 0.000047, 0.000256
5113, 0.000069, 0.000033, 0.000220
5113, 0.000067, 0.000041, 0.000228
5113, 0.000040, 0.000040, 0.000209
5113, 0.000032, 0.000062, 0.000243
5113, 0.000053, 0.000046, 0.000223
5113, 0.000065, 0.000032, 0.000201
5113, 0.000079, 0.000037, 0.000204
5113, 0.000060, 0.000036, 0.000248
5113, 0.000064, 0.000034, 0.000204
5113, 0.000018, 0.000058, 0.000247
5113, 0.000061, 0.000036, 0.000222
5113, 0.000047, 0.000043, 0.000232
5113, 0.000052, 0.000041, 0.000216
5113, 0.000039, 0.000042, 0.000199
5113, 0.000015, 0.000058, 0.000249
5113, 0.000033, 0.000042, 0.000259
5113, 0.000027, 0.000047, 0.000259
5113, 0.000021, 0.000052, 0.000252
5704, 0.000024, 0.000063, 0.000276
5704, 0.000020, 0.000064, 0.000276
5704, 0.000091, 0.000037, 0.000239
5704, 0.000064, 0.000043, 0.000248
5704, 0.000071, 0.000034, 0.000246
5704, 0.000074, 0.000034, 0.000232
5704, 0.000035, 0.000048, 0.000275
5704, 0.000028, 0.000053, 0.000291
5704, 0.000074, 0.000035, 0.000246
5704, 0.000056, 0.000039, 0.000278
5704, 0.000066, 0.000036, 0.000235
5704, 0.000074, 0.000036, 0.000234
5704, 0.000065, 0.000042, 0.000273
5704, 0.000061, 0.000044, 0.000268
5704, 0.000029, 0.000058, 0.000292
5704, 0.000056, 0.000068, 0.000253
5704, 0.000009, 0.000092, 0.000281
5704, 0.000043, 0.000052, 0.000244
5704, 0.000071, 0.000035, 0.000240
5704, 0.000042, 0.000055, 0.000260
6362, 0.000015, 0.000086, 0.000318
6362, 0.000038, 0.000059, 0.000318
6362, 0.000021, 0.000070, 0.000325
6362, 0.000062, 0.000049, 0.000313
6362, 0.000034, 0.000063, 0.000327
6362, 0.000073, 0.000038, 0.000300
6362, 0.000018, 0.000082, 0.000311
6362, 0.000075, 0.000045, 0.000239
6362, 0.000078, 0.000048, 0.000272
6362, 0.000092, 0.000044, 0.000278
6362, 0.000056, 0.000054, 0.000280
6362, 0.000067, 0.000053, 0.000268
6362, 0.000081, 0.000044, 0.000289
6362, 0.000060, 0.000054, 0.000300
6362, 0.000032, 0.000066, 0.000329
6362, 0.000040, 0.000058, 0.000313
6362, 0.000040, 0.000056, 0.000318
6362, 0.000095, 0.000036, 0.000247
6362, 0.000042, 0.000055, 0.000317
6362, 0.000076, 0.000048, 0.000252
7097, 0.000065, 0.000083, 0.000284
7097, 0.000069, 0.000062, 0.000341
7097, 0.000078, 0.000047, 0.000300
7097, 0.000052, 0.000063, 0.000297
7097, 0.000111, 0.000044, 0.000301
7097, 0.000079, 0.000063, 0.000295
7097, 0.000100, 0.000041, 0.000284
7097, 0.000014, 0.000112, 0.000355
7097, 0.000093, 0.000051, 0.000346
7097, 0.000096, 0.000051, 0.000285
7097, 0.000044, 0.000063, 0.000351
7097, 0.000052, 0.000073, 0.000268
7097, 0.000015, 0.000102, 0.000347
7097, 0.000089, 0.000048, 0.000276
7097, 0.000059, 0.000059, 0.000350
7097, 0.000083, 0.000058, 0.000267
7097, 0.000057, 0.000059, 0.000370
7097, 0.000042, 0.000062, 0.000360
7097, 0.000083, 0.000058, 0.000276
7097, 0.000073, 0.000055, 0.000344
7917, 0.000060, 0.000082, 0.000395
7917, 0.000072, 0.000059, 0.000403
7917, 0.000040, 0.000077, 0.000404
7917, 0.000088, 0.000057, 0.000353
7917, 0.000058, 0.000086, 0.000347
7917, 0.000117, 0.000043, 0.000351
7917, 0.000086, 0.000061, 0.000326
7917, 0.000072, 0.000088, 0.000351
7917, 0.000070, 0.000073, 0.000379
7917, 0.000094, 0.000062, 0.000319
7917, 0.000084, 0.000059, 0.000322
7917, 0.000141, 0.000044, 0.000317
7917, 0.000099, 0.000048, 0.000311
7917, 0.000031, 0.000096, 0.000399
7917, 0.000092, 0.000056, 0.000333
7917, 0.000105, 0.000062, 0.000316
7917, 0.000093, 0.000051, 0.000320
7917, 0.000125, 0.000045, 0.000329
7917, 0.000061, 0.000076, 0.000393
7917, 0.000038, 0.000085, 0.000394
8831, 0.000020, 0.000120, 0.000436
8831, 0.000098, 0.000068, 0.000396
8831, 0.000088, 0.000066, 0.000463
8831, 0.000126, 0.000064, 0.000363
8831, 0.000050, 0.000081, 0.000440
8831, 0.000013, 0.000147, 0.000431
8831, 0.000054, 0.000118, 0.000413
8831, 0.000087, 0.000067, 0.000444
8831, 0.000013, 0.000148, 0.000438
8831, 0.000120, 0.000064, 0.000430
8831, 0.000071, 0.000097, 0.000436
8831, 0.000080, 0.000075, 0.000412
8831, 0.000086, 0.000098, 0.000377
8831, 0.000079, 0.000079, 0.000393
8831, 0.000113, 0.000059, 0.000393
8831, 0.000053, 0.000110, 0.000398
8831, 0.000123, 0.000056, 0.000372
8831, 0.000044, 0.000087, 0.000444
8831, 0.000035, 0.000094, 0.000453
8831, 0.000056, 0.000092, 0.000440
9851, 0.000093, 0.000091, 0.000474
9851, 0.000131, 0.000072, 0.000464
9851, 0.000149, 0.000068, 0.000487
9851, 0.000044, 0.000111, 0.000487
9851, 0.000153, 0.000059, 0.000410
9851, 0.000134, 0.000075, 0.000419
9851, 0.000111, 0.000076, 0.000493
9851, 0.000105, 0.000071, 0.000431
9851, 0.000082, 0.000076, 0.000458
9851, 0.000039, 0.000115, 0.000486
9851, 0.000098, 0.000122, 0.000408
9851, 0.000125, 0.000061, 0.000394
9851, 0.000081, 0.000090, 0.000507
9851, 0.000093, 0.000075, 0.000501
9851, 0.000140, 0.000076, 0.000442
9851, 0.000136, 0.000060, 0.000424
9851, 0.000110, 0.000069, 0.000461
9851, 0.000040, 0.000106, 0.000486
9851, 0.000030, 0.000120, 0.000483
9851, 0.000145, 0.000062, 0.000440
10989, 0.000056, 0.000105, 0.000556
10989, 0.000064, 0.000105, 0.000557
10989, 0.000074, 0.000126, 0.000451
10989, 0.000044, 0.000117, 0.000538
10989, 0.000093, 0.000101, 0.000462
10989, 0.000083, 0.000100, 0.000458
10989, 0.000115, 0.000097, 0.000512
10989, 0.000021, 0.000172, 0.000555
10989, 0.000080, 0.000104, 0.000562
10989, 0.000036, 0.000146, 0.000556
10989, 0.000091, 0.000103, 0.000492
10989, 0.000121, 0.000088, 0.000571
10989, 0.000153, 0.000073, 0.000553
10989, 0.000162, 0.000075, 0.000546
10989, 0.000167, 0.000070, 0.000513
10989, 0.000153, 0.000073, 0.000464
10989, 0.000185, 0.000062, 0.000496
10989, 0.000087, 0.000095, 0.000588
10989, 0.000072, 0.000146, 0.000513
10989, 0.000093, 0.000107, 0.000492
12258, 0.000086, 0.000151, 0.000554
12258, 0.000095, 0.000140, 0.000538
12258, 0.000067, 0.000123, 0.000635
12258, 0.000091, 0.000227, 0.000580
12258, 0.000027, 0.000219, 0.001543
12258, 0.000069, 0.000125, 0.000643
12258, 0.000137, 0.000098, 0.000567
12258, 0.000032, 0.000169, 0.000614
12258, 0.000194, 0.000088, 0.000557
12258, 0.000185, 0.000074, 0.000565
12258, 0.000140, 0.000107, 0.000531
12258, 0.000155, 0.000092, 0.000584
12258, 0.000053, 0.000134, 0.000606
12258, 0.000125, 0.000091, 0.000515
12258, 0.000156, 0.000073, 0.000491
12258, 0.000085, 0.000107, 0.000659
12258, 0.000145, 0.000083, 0.000467
12258, 0.000119, 0.000089, 0.000576
12258, 0.000127, 0.000089, 0.000620
12258, 0.000196, 0.000067, 0.000571
13673, 0.000185, 0.000086, 0.000545
13673, 0.000134, 0.000100, 0.000684
13673, 0.000158, 0.000098, 0.000586
13673, 0.000097, 0.000121, 0.000691
13673, 0.000128, 0.000108, 0.000730
13673, 0.000194, 0.000080, 0.000617
13673, 0.000193, 0.000138, 0.000601
13673, 0.000159, 0.000088, 0.000583
13673, 0.000117, 0.000112, 0.000692
13673, 0.000084, 0.000187, 0.000669
13673, 0.000074, 0.000138, 0.000684
13673, 0.000094, 0.000123, 0.000699
13673, 0.000155, 0.000091, 0.000684
13673, 0.000192, 0.000094, 0.000597
13673, 0.000155, 0.000101, 0.000565
13673, 0.000303, 0.000077, 0.000522
13673, 0.000096, 0.000147, 0.000585
13673, 0.000122, 0.000108, 0.000726
13673, 0.000217, 0.000085, 0.000549
13673, 0.000123, 0.000102, 0.000666
15253, 0.000110, 0.000165, 0.000628
15253, 0.000067, 0.000167, 0.000755
15253, 0.000194, 0.000109, 0.000778
15253, 0.000041, 0.000208, 0.000766
15253, 0.000148, 0.000178, 0.000630
15253, 0.000177, 0.000104, 0.000732
15253, 0.000103, 0.000165, 0.000728
15253, 0.000198, 0.000101, 0.000700
15253, 0.000208, 0.000085, 0.000725
15253, 0.000156, 0.000123, 0.000694
15253, 0.000140, 0.000122, 0.000768
15253, 0.000186, 0.000110, 0.000613
15253, 0.000148, 0.000131, 0.000700
15253, 0.000201, 0.000100, 0.000648
15253, 0.000146, 0.000109, 0.000795
15253, 0.000257, 0.000107, 0.000640
15253, 0.000165, 0.000120, 0.000668
15253, 0.000161, 0.000105, 0.000743
15253, 0.000176, 0.000111, 0.000781
15253, 0.000027, 0.000235, 0.000748
17014, 0.000292, 0.000091, 0.000671
17014, 0.000167, 0.000127, 0.000729
17014, 0.000149, 0.000236, 0.000782
17014, 0.000274, 0.000109, 0.000700
17014, 0.000237, 0.000098, 0.000677
17014, 0.000094, 0.000173, 0.000856
17014, 0.000130, 0.000178, 0.000723
17014, 0.000084, 0.000191, 0.000855
17014, 0.000113, 0.000163, 0.000849
17014, 0.000077, 0.000182, 0.000836
17014, 0.000165, 0.000136, 0.000768
17014, 0.000266, 0.000101, 0.000808
17014, 0.000179, 0.000122, 0.000854
17014, 0.000188, 0.000117, 0.000737
17014, 0.000050, 0.000213, 0.000858
17014, 0.000108, 0.000228, 0.000770
17014, 0.000166, 0.000131, 0.000872
17014, 0.000197, 0.000121, 0.000722
17014, 0.000064, 0.000216, 0.000891
17014, 0.000195, 0.000164, 0.000728
18979, 0.000273, 0.000172, 0.000875
18979, 0.000104, 0.000173, 0.000947
18979, 0.000266, 0.000109, 0.000831
18979, 0.000046, 0.000263, 0.000951
18979, 0.000132, 0.000166, 0.000949
18979, 0.000174, 0.000146, 0.000884
18979, 0.000204, 0.000167, 0.000766
18979, 0.000147, 0.000188, 0.000830
18979, 0.000102, 0.000192, 0.000968
18979, 0.000310, 0.000120, 0.000796
18979, 0.000134, 0.000167, 0.000972
18979, 0.000034, 0.000311, 0.000958
18979, 0.000143, 0.000167, 0.000920
18979, 0.000140, 0.000178, 0.000960
18979, 0.000305, 0.000122, 0.000774
18979, 0.000162, 0.000175, 0.000978
18979, 0.000088, 0.000193, 0.000974
18979, 0.000403, 0.000107, 0.000768
18979, 0.000299, 0.000116, 0.000830
18979, 0.000218, 0.000126, 0.000930
21171, 0.000154, 0.000228, 0.000935
21171, 0.000095, 0.000227, 0.001066
21171, 0.000259, 0.000183, 0.000904
21171, 0.000129, 0.000221, 0.001050
21171, 0.000092, 0.000231, 0.001119
21171, 0.000166, 0.000206, 0.000904
21171, 0.000175, 0.000171, 0.001066
21171, 0.000181, 0.000194, 0.000905
21171, 0.000386, 0.000116, 0.000963
21171, 0.000276, 0.000122, 0.000884
21171, 0.000263, 0.000156, 0.001072
21171, 0.000227, 0.000143, 0.000881
21171, 0.000064, 0.000273, 0.001097
21171, 0.000303, 0.000136, 0.000889
21171, 0.000225, 0.000174, 0.001062
21171, 0.000277, 0.000245, 0.000874
21171, 0.000231, 0.000159, 0.000935
21171, 0.000309, 0.000112, 0.000889
21171, 0.000192, 0.000198, 0.001027
21171, 0.000103, 0.000212, 0.001088
23616, 0.000258, 0.000171, 0.001145
23616, 0.000354, 0.000144, 0.001118
23616, 0.000154, 0.000209, 0.001190
23616, 0.000036, 0.000385, 0.001143
23616, 0.000160, 0.000210, 0.001170
23616, 0.000349, 0.000138, 0.001052
23616, 0.000114, 0.000231, 0.001196
23616, 0.000168, 0.000267, 0.001036
23616, 0.000242, 0.000188, 0.001034
23616, 0.000175, 0.000250, 0.001126
23616, 0.000304, 0.000131, 0.001006
23616, 0.000112, 0.000261, 0.001157
23616, 0.000392, 0.000138, 0.000981
23616, 0.000327, 0.000133, 0.001005
23616, 0.000298, 0.000148, 0.001031
23616, 0.000160, 0.000283, 0.001107
23616, 0.000185, 0.000284, 0.001128
23616, 0.000163, 0.000218, 0.001201
23616, 0.000322, 0.000161, 0.001159
23616, 0.000177, 0.000247, 0.001030
26343, 0.000284, 0.000191, 0.001379
26343, 0.000327, 0.000212, 0.001102
26343, 0.000174, 0.000251, 0.001339
26343, 0.000421, 0.000157, 0.001216
26343, 0.000161, 0.000261, 0.001382
26343, 0.000178, 0.000304, 0.001256
26343, 0.000183, 0.000245, 0.001361
26343, 0.000313, 0.000225, 0.001109
26343, 0.000479, 0.000145, 0.001070
26343, 0.000094, 0.000308, 0.001320
26343, 0.000059, 0.000376, 0.001337
26343, 0.000037, 0.000456, 0.001321
26343, 0.000374, 0.000148, 0.001092
26343, 0.000157, 0.000362, 0.001171
26343, 0.000277, 0.000233, 0.001236
26343, 0.000287, 0.000245, 0.001133
26343, 0.000266, 0.000304, 0.001146
26343, 0.000075, 0.000364, 0.001313
26343, 0.000383, 0.000178, 0.001083
26343, 0.000148, 0.000256, 0.001292
29386, 0.000469, 0.000279, 0.001191
29386, 0.000125, 0.000317, 0.001467
29386, 0.000273, 0.000356, 0.001286
29386, 0.000158, 0.000353, 0.001694
29386, 0.000364, 0.000245, 0.001405
29386, 0.000384, 0.000383, 0.001211
29386, 0.000389, 0.000252, 0.001438
29386, 0.000207, 0.000344, 0.001507
29386, 0.000292, 0.000204, 0.001356
29386, 0.000166, 0.000418, 0.001382
29386, 0.000230, 0.000248, 0.001509
29386, 0.000325, 0.000277, 0.001192
29386, 0.000172, 0.000284, 0.001490
29386, 0.000263, 0.000228, 0.001219
29386, 0.000489, 0.000184, 0.001202
29386, 0.000464, 0.000166, 0.001234
29386, 0.000165, 0.000317, 0.001507
29386, 0.000385, 0.000157, 0.001320
29386, 0.000299, 0.000240, 0.001470
29386, 0.000370, 0.000195, 0.001162
32780, 0.000295, 0.000276, 0.001358
32780, 0.000204, 0.000518, 0.001593
32780, 0.000464, 0.000190, 0.001403
32780, 0.000253, 0.000320, 0.001408
32780, 0.000589, 0.000234, 0.001391
32780, 0.000357, 0.000233, 0.001686
32780, 0.000177, 0.000344, 0.001649
32780, 0.000247, 0.000280, 0.001663
32780, 0.000400, 0.000280, 0.001251
32780, 0.000141, 0.000367, 0.001668
32780, 0.000674, 0.000179, 0.001401
32780, 0.000182, 0.000467, 0.001607
32780, 0.000353, 0.000242, 0.001515
32780, 0.000276, 0.000275, 0.001642
32780, 0.000418, 0.000301, 0.001344
32780, 0.000343, 0.000229, 0.001392
32780, 0.000433, 0.000230, 0.001431
32780, 0.000657, 0.000195, 0.001273
32780, 0.000159, 0.000347, 0.001645
32780, 0.000439, 0.000233, 0.001583
36565, 0.000571, 0.000212, 0.001579
36565, 0.000094, 0.000516, 0.001828
36565, 0.000356, 0.000291, 0.001542
36565, 0.000466, 0.000267, 0.001496
36565, 0.000246, 0.000330, 0.001872
36565, 0.000105, 0.000475, 0.001822
36565, 0.000274, 0.000335, 0.001920
36565, 0.000450, 0.000284, 0.001575
36565, 0.000181, 0.000408, 0.001830
36565, 0.000396, 0.000252, 0.001604
36565, 0.000070, 0.000535, 0.001833
36565, 0.000111, 0.000453, 0.001818
36565, 0.000369, 0.000249, 0.001787
36565, 0.000517, 0.000240, 0.001424
36565, 0.000343, 0.000261, 0.001547
36565, 0.000385, 0.000304, 0.001844
36565, 0.000061, 0.000599, 0.001876
36565, 0.000523, 0.000228, 0.001430
36565, 0.000367, 0.000362, 0.001779
36565, 0.000227, 0.000342, 0.001858
40788, 0.000315, 0.000463, 0.002013
40788, 0.000179, 0.000434, 0.002082
40788, 0.000077, 0.000628, 0.002171
40788, 0.000139, 0.000491, 0.002036
40788, 0.000238, 0.000404, 0.002034
40788, 0.000289, 0.000362, 0.002038
40788, 0.000434, 0.000336, 0.001535
40788, 0.000392, 0.000370, 0.001884
40788, 0.000530, 0.000239, 0.001637
40788, 0.000275, 0.000364, 0.002040
40788, 0.000274, 0.000346, 0.002071
40788, 0.000321, 0.000352, 0.002014
40788, 0.000157, 0.000481, 0.002026
40788, 0.000336, 0.000411, 0.001731
40788, 0.000356, 0.000530, 0.001726
40788, 0.000386, 0.000415, 0.001571
40788, 0.000607, 0.000211, 0.001777
40788, 0.000459, 0.000328, 0.001997
40788, 0.000383, 0.000397, 0.001928
40788, 0.000126, 0.000517, 0.002017
45499, 0.000529, 0.000308, 0.001894
45499, 0.000303, 0.000578, 0.001944
45499, 0.000076, 0.000731, 0.002267
45499, 0.000331, 0.000377, 0.002263
45499, 0.000658, 0.000304, 0.001843
45499, 0.000215, 0.000449, 0.002271
45499, 0.000539, 0.000367, 0.002192
45499, 0.000354, 0.000375, 0.002282
45499, 0.000583, 0.000277, 0.001988
45499, 0.000646, 0.000294, 0.002073
45499, 0.000378, 0.000462, 0.002125
45499, 0.000116, 0.000610, 0.002293
45499, 0.000420, 0.000342, 0.002275
45499, 0.000416, 0.000406, 0.002055
45499, 0.000177, 0.000625, 0.002294
45499, 0.000484, 0.000403, 0.001932
45499, 0.000452, 0.000356, 0.001937
45499, 0.000411, 0.000368, 0.001872
45499, 0.000342, 0.000498, 0.001987
45499, 0.000079, 0.000715, 0.002257
50753, 0.000741, 0.000386, 0.002390
50753, 0.000163, 0.000668, 0.002566
50753, 0.000890, 0.000282, 0.002122
50753, 0.000801, 0.000311, 0.002106
50753, 0.000463, 0.000429, 0.002151
50753, 0.000364, 0.000446, 0.002534
50753, 0.000266, 0.000521, 0.002645
50753, 0.000377, 0.000522, 0.002415
50753, 0.000409, 0.000418, 0.002549
50753, 0.000108, 0.000777, 0.002517
50753, 0.000788, 0.000313, 0.002267
50753, 0.000539, 0.000383, 0.002481
50753, 0.000721, 0.000348, 0.002070
50753, 0.000442, 0.000387, 0.002546
50753, 0.000498, 0.000397, 0.002127
50753, 0.000648, 0.000441, 0.002521
50753, 0.000359, 0.000428, 0.002618
50753, 0.000440, 0.000479, 0.002252
50753, 0.000261, 0.000531, 0.002568
50753, 0.000222, 0.000576, 0.002580
56615, 0.000298, 0.000597, 0.002856
56615, 0.000333, 0.000599, 0.002795
56615, 0.000675, 0.000373, 0.002621
56615, 0.000125, 0.000777, 0.002832
56615, 0.000529, 0.000408, 0.002784
56615, 0.000540, 0.000449, 0.002354
56615, 0.000364, 0.000499, 0.002831
56615, 0.000499, 0.000439, 0.002812
56615, 0.000472, 0.000438, 0.002837
56615, 0.000616, 0.000487, 0.002998
56615, 0.000261, 0.000606, 0.002798
56615, 0.001060, 0.000281, 0.002578
56615, 0.000297, 0.000543, 0.002811
56615, 0.000883, 0.000349, 0.002738
56615, 0.000663, 0.000388, 0.002579
56615, 0.000817, 0.000423, 0.002249
56615, 0.000638, 0.000509, 0.002769
56615, 0.000685, 0.000456, 0.002787
56615, 0.000335, 0.000517, 0.002858
56615, 0.000108, 0.000885, 0.002830
63153, 0.000637, 0.000674, 0.002705
63153, 0.000229, 0.000719, 0.003217
63153, 0.000438, 0.000734, 0.003183
63153, 0.000586, 0.000484, 0.002749
63153, 0.000924, 0.000324, 0.002580
63153, 0.000319, 0.000957, 0.003088
63153, 0.001375, 0.000374, 0.002808
63153, 0.000897, 0.000403, 0.002832
63153, 0.000250, 0.000763, 0.003171
63153, 0.000949, 0.000346, 0.002509
63153, 0.000404, 0.000574, 0.003212
63153, 0.000642, 0.000530, 0.002970
63153, 0.000525, 0.000469, 0.003067
63153, 0.001110, 0.000329, 0.002804
63153, 0.000571, 0.000452, 0.003180
63153, 0.000705, 0.000449, 0.003125
63153, 0.000106, 0.001010, 0.003126
63153, 0.000501, 0.000512, 0.003091
63153, 0.000708, 0.000412, 0.002736
63153, 0.000157, 0.000874, 0.003224
70446, 0.000760, 0.000510, 0.002996
70446, 0.000741, 0.000516, 0.003129
70446, 0.000838, 0.000426, 0.002963
70446, 0.000302, 0.000725, 0.003503
70446, 0.000630, 0.000535, 0.003517
70446, 0.000386, 0.000978, 0.003348
70446, 0.000849, 0.000453, 0.002847
70446, 0.000186, 0.000922, 0.003540
70446, 0.000427, 0.000947, 0.003167
70446, 0.000369, 0.000654, 0.003507
70446, 0.000395, 0.000765, 0.003550
70446, 0.000794, 0.000546, 0.003513
70446, 0.001012, 0.000440, 0.002906
70446, 0.000656, 0.000620, 0.003163
70446, 0.000915, 0.000410, 0.002639
70446, 0.000783, 0.000496, 0.003330
70446, 0.000385, 0.000672, 0.003537
70446, 0.000896, 0.000446, 0.002874
70446, 0.000437, 0.000945, 0.003327
70446, 0.000715, 0.000748, 0.003046
78582, 0.001033, 0.000498, 0.003190
78582, 0.001173, 0.000435, 0.002933
78582, 0.000130, 0.001237, 0.004005
78582, 0.000341, 0.000868, 0.003873
78582, 0.000935, 0.000558, 0.003768
78582, 0.000324, 0.000894, 0.003928
78582, 0.000687, 0.000720, 0.003990
78582, 0.000140, 0.001241, 0.003889
78582, 0.000934, 0.000579, 0.003705
78582, 0.000175, 0.001076, 0.003923
78582, 0.000936, 0.000507, 0.003217
78582, 0.000528, 0.000669, 0.003945
78582, 0.000913, 0.000586, 0.003695
78582, 0.001080, 0.000491, 0.003171
78582, 0.000585, 0.000651, 0.003927
78582, 0.000631, 0.000652, 0.003933
78582, 0.000249, 0.000956, 0.003842
78582, 0.001041, 0.000511, 0.003086
78582, 0.000787, 0.000637, 0.003675
78582, 0.000648, 0.000597, 0.003908
87657, 0.000918, 0.000827, 0.003575
87657, 0.000879, 0.000853, 0.003689
87657, 0.000607, 0.000788, 0.004257
87657, 0.000471, 0.000869, 0.004476
87657, 0.000692, 0.000818, 0.003912
87657, 0.000723, 0.000879, 0.003699
87657, 0.001361, 0.000500, 0.003753
87657, 0.000646, 0.000698, 0.004391
87657, 0.000552, 0.000809, 0.004418
87657, 0.000563, 0.000782, 0.004324
87657, 0.000666, 0.000715, 0.004321
87657, 0.000963, 0.000635, 0.003478
87657, 0.000179, 0.001268, 0.004334
87657, 0.000879, 0.000879, 0.003864
87657, 0.001041, 0.000522, 0.004279
87657, 0.001057, 0.000614, 0.003837
87657, 0.000854, 0.000579, 0.003595
87657, 0.000638, 0.000962, 0.003828
87657, 0.000904, 0.000631, 0.003744
87657, 0.001028, 0.000501, 0.004240
97780, 0.001625, 0.000612, 0.004660
97780, 0.001227, 0.000834, 0.004472
97780, 0.000346, 0.001201, 0.004910
97780, 0.001034, 0.000645, 0.004107
97780, 0.000529, 0.000904, 0.005032
97780, 0.000380, 0.001244, 0.004877
97780, 0.000879, 0.000893, 0.004441
97780, 0.000712, 0.001028, 0.004095
97780, 0.001131, 0.000608, 0.004157
97780, 0.001356, 0.000607, 0.004221
97780, 0.000537, 0.000928, 0.005007
97780, 0.000204, 0.001434, 0.004843
97780, 0.000624, 0.000944, 0.004942
97780, 0.000618, 0.001255, 0.004899
97780, 0.000504, 0.000963, 0.004998
97780, 0.000205, 0.001351, 0.004859
97780, 0.000420, 0.001018, 0.004845
97780, 0.001310, 0.000532, 0.004185
97780, 0.000423, 0.001010, 0.004896
97780, 0.000260, 0.001362, 0.004857
109073, 0.000407, 0.001326, 0.005493
109073, 0.001271, 0.000674, 0.004865
109073, 0.000563, 0.001030, 0.005527
109073, 0.000837, 0.000873, 0.005562
109073, 0.001615, 0.000611, 0.004699
109073, 0.001548, 0.000663, 0.004259
109073, 0.001262, 0.000608, 0.004462
109073, 0.000544, 0.001086, 0.005551
109073, 0.001303, 0.000902, 0.004573
109073, 0.000718, 0.000967, 0.005507
109073, 0.001574, 0.000558, 0.004522
109073, 0.000306, 0.001444, 0.005506
109073, 0.001142, 0.000895, 0.005000
109073, 0.000325, 0.001294, 0.005395
109073, 0.001347, 0.000806, 0.004794
109073, 0.001841, 0.000749, 0.005073
109073, 0.000958, 0.001050, 0.004810
109073, 0.001128, 0.000739, 0.005413
109073, 0.001265, 0.000827, 0.005190
109073, 0.000446, 0.001235, 0.005435
121669, 0.001200, 0.000944, 0.004830
121669, 0.000519, 0.001327, 0.006102
121669, 0.001112, 0.000956, 0.005798
121669, 0.000914, 0.001035, 0.006034
121669, 0.001408, 0.000866, 0.005280
121669, 0.001605, 0.000610, 0.005200
121669, 0.001350, 0.000794, 0.005316
121669, 0.000164, 0.002081, 0.006104
121669, 0.000520, 0.001544, 0.006021
121669, 0.001006, 0.001029, 0.005051
121669, 0.002804, 0.000715, 0.005130
121669, 0.001751, 0.000691, 0.005000
121669, 0.000921, 0.001298, 0.005112
121669, 0.001784, 0.001042, 0.005044
121669, 0.000670, 0.001683, 0.006068
121669, 0.000583, 0.001204, 0.006128
121669, 0.000372, 0.001493, 0.006051
121669, 0.001515, 0.000708, 0.004851
121669, 0.000456, 0.001310, 0.006068
121669, 0.001682, 0.000691, 0.004877
135720, 0.002241, 0.000681, 0.005405
135720, 0.002000, 0.000930, 0.005574
135720, 0.000291, 0.001939, 0.006827
135720, 0.001201, 0.001763, 0.006132
135720, 0.002845, 0.000843, 0.005805
135720, 0.000732, 0.001342, 0.006719
135720, 0.001231, 0.001217, 0.006726
135720, 0.000786, 0.001373, 0.007122
135720, 0.001525, 0.000856, 0.005326
135720, 0.000606, 0.001356, 0.006807
135720, 0.000360, 0.001827, 0.006812
135720, 0.000650, 0.001460, 0.006783
135720, 0.001732, 0.000897, 0.006601
135720, 0.001056, 0.001335, 0.006387
135720, 0.001383, 0.000883, 0.006634
135720, 0.001660, 0.000983, 0.005686
135720, 0.001527, 0.000885, 0.006481
135720, 0.001892, 0.000900, 0.005069
135720, 0.001726, 0.000824, 0.005862
135720, 0.000932, 0.001624, 0.005981
151394, 0.001558, 0.001458, 0.006491
151394, 0.001347, 0.001368, 0.007150
151394, 0.002034, 0.000936, 0.005922
151394, 0.000264, 0.002312, 0.007620
151394, 0.001952, 0.001106, 0.006848
151394, 0.001557, 0.001277, 0.006618
151394, 0.000548, 0.001697, 0.007458
151394, 0.001799, 0.000939, 0.006227
151394, 0.000673, 0.001611, 0.007641
151394, 0.001207, 0.001194, 0.007573
151394, 0.001321, 0.002064, 0.007015
151394, 0.000525, 0.001733, 0.007505
151394, 0.000927, 0.001332, 0.007612
151394, 0.000640, 0.001564, 0.007563
151394, 0.001822, 0.000892, 0.007408
151394, 0.001302, 0.001289, 0.007009
151394, 0.002075, 0.001361, 0.006428
151394, 0.000820, 0.001534, 0.007430
151394, 0.001601, 0.001411, 0.006155
151394, 0.000203, 0.002558, 0.007509
168878, 0.001196, 0.001930, 0.007248
168878, 0.000525, 0.002226, 0.008623
168878, 0.000947, 0.001504, 0.008411
168878, 0.000598, 0.002025, 0.008437
168878, 0.000922, 0.001603, 0.008354
168878, 0.001538, 0.001485, 0.008009
168878, 0.002044, 0.001003, 0.007957
168878, 0.000866, 0.001832, 0.008388
168878, 0.000428, 0.002248, 0.008531
168878, 0.001689, 0.001170, 0.007443
168878, 0.002424, 0.001009, 0.007259
168878, 0.001021, 0.001572, 0.008381
168878, 0.001004, 0.001460, 0.008516
168878, 0.001168, 0.001358, 0.008557
168878, 0.001608, 0.001197, 0.008429
168878, 0.000715, 0.001756, 0.008329
168878, 0.001539, 0.001391, 0.007592
168878, 0.000632, 0.001959, 0.008471
168878, 0.001906, 0.001318, 0.007186
168878, 0.001504, 0.001233, 0.007163
188382, 0.000440, 0.002648, 0.009547
188382, 0.003182, 0.000964, 0.007498
188382, 0.002561, 0.001025, 0.006918
188382, 0.000893, 0.001940, 0.009294
188382, 0.001470, 0.001660, 0.007975
188382, 0.001650, 0.001373, 0.007959
188382, 0.001422, 0.001901, 0.008173
188382, 0.000773, 0.002053, 0.009519
188382, 0.000345, 0.003081, 0.010085
188382, 0.002913, 0.001126, 0.007994
188382, 0.002983, 0.001090, 0.008160
188382, 0.003051, 0.001264, 0.007514
188382, 0.000650, 0.002183, 0.009476
188382, 0.000429, 0.002731, 0.009553
188382, 0.001411, 0.001632, 0.009354
188382, 0.002622, 0.001136, 0.007877
188382, 0.000447, 0.002599, 0.009399
188382, 0.001479, 0.001669, 0.007723
188382, 0.002386, 0.001161, 0.007876
188382, 0.002311, 0.001196, 0.008499
210137, 0.003123, 0.001244, 0.009439
210137, 0.001652, 0.002022, 0.009095
210137, 0.002159, 0.001712, 0.010395
210137, 0.002408, 0.001274, 0.009727
210137, 0.000377, 0.003143, 0.010487
210137, 0.001206, 0.002830, 0.009900
210137, 0.002536, 0.001292, 0.009014
210137, 0.000613, 0.002589, 0.010582
210137, 0.001839, 0.001702, 0.010592
210137, 0.001924, 0.001896, 0.009310
210137, 0.003111, 0.001790, 0.008264
210137, 0.001346, 0.001999, 0.010272
210137, 0.000880, 0.002379, 0.010488
210137, 0.002148, 0.001407, 0.010559
210137, 0.001596, 0.002008, 0.008781
210137, 0.001275, 0.002166, 0.010917
210137, 0.001894, 0.001937, 0.010720
210137, 0.000722, 0.002453, 0.010472
210137, 0.002208, 0.001373, 0.009891
210137, 0.001684, 0.001886, 0.010268
234405, 0.002127, 0.001769, 0.011875
234405, 0.001047, 0.002492, 0.011724
234405, 0.001017, 0.002480, 0.011727
234405, 0.001666, 0.001861, 0.011794
234405, 0.000641, 0.003103, 0.011712
234405, 0.002305, 0.001610, 0.011565
234405, 0.003047, 0.001541, 0.011568
234405, 0.002600, 0.001508, 0.011348
234405, 0.000795, 0.002983, 0.011668
234405, 0.002964, 0.001359, 0.010253
234405, 0.001937, 0.001788, 0.011358
234405, 0.002455, 0.001857, 0.009528
234405, 0.001760, 0.002092, 0.011702
234405, 0.002010, 0.001830, 0.011757
234405, 0.003146, 0.001344, 0.009793
234405, 0.000419, 0.003532, 0.011671
234405, 0.002682, 0.001562, 0.010542
234405, 0.005744, 0.001222, 0.009129
234405, 0.001912, 0.001793, 0.011862
234405, 0.002274, 0.001759, 0.010207
261476, 0.002542, 0.001801, 0.012833
261476, 0.001167, 0.002794, 0.012872
261476, 0.002438, 0.002244, 0.012593
261476, 0.001214, 0.002734, 0.012988
261476, 0.001099, 0.003013, 0.013116
261476, 0.003790, 0.001422, 0.011742
261476, 0.002879, 0.001607, 0.012418
261476, 0.003128, 0.001558, 0.010618
261476, 0.003833, 0.001272, 0.010248
261476, 0.001969, 0.002029, 0.012877
261476, 0.000662, 0.003504, 0.012857
261476, 0.002330, 0.002151, 0.010706
261476, 0.002836, 0.001686, 0.011226
261476, 0.000543, 0.003724, 0.012983
261476, 0.000386, 0.004132, 0.012961
261476, 0.003543, 0.001433, 0.010675
261476, 0.000487, 0.003851, 0.013011
261476, 0.000768, 0.003430, 0.013231
261476, 0.001826, 0.002984, 0.010963
261476, 0.003875, 0.001441, 0.010481
291673, 0.003615, 0.002037, 0.012215
291673, 0.002600, 0.002160, 0.011671
291673, 0.002882, 0.002310, 0.014531
291673, 0.001805, 0.003523, 0.012971
291673, 0.004355, 0.001744, 0.011214
291673, 0.001861, 0.002451, 0.014915
291673, 0.004313, 0.001755, 0.011385
291673, 0.002980, 0.003467, 0.014090
291673, 0.000865, 0.003712, 0.014707
291673, 0.001695, 0.004023, 0.013420
291673, 0.001039, 0.003268, 0.014418
291673, 0.002829, 0.002060, 0.013745
291673, 0.004751, 0.001455, 0.011950
291673, 0.000979, 0.003328, 0.014403
291673, 0.003903, 0.001961, 0.012035
291673, 0.002431, 0.002779, 0.013207
291673, 0.003619, 0.001906, 0.011389
291673, 0.003797, 0.002031, 0.012678
291673, 0.003462, 0.001941, 0.011872
291673, 0.005196, 0.001904, 0.011555
325357, 0.001456, 0.003395, 0.016076
325357, 0.003930, 0.002244, 0.013830
325357, 0.004100, 0.002259, 0.013432
325357, 0.000479, 0.005383, 0.016473
325357, 0.001767, 0.002840, 0.016461
325357, 0.003467, 0.002108, 0.013310
325357, 0.001479, 0.003299, 0.015970
325357, 0.000472, 0.005273, 0.016177
325357, 0.004318, 0.002150, 0.013112
325357, 0.005075, 0.001884, 0.013245
325357, 0.000936, 0.004417, 0.016356
325357, 0.004992, 0.001875, 0.013204
325357, 0.003012, 0.002362, 0.015545
325357, 0.003295, 0.002688, 0.016223
325357, 0.001504, 0.003213, 0.016563
325357, 0.000864, 0.004324, 0.016186
325357, 0.000482, 0.005212, 0.016417
325357, 0.003551, 0.002978, 0.013573
325357, 0.004760, 0.001983, 0.014640
325357, 0.003426, 0.002196, 0.014007
362932, 0.004117, 0.002880, 0.018269
362932, 0.004351, 0.002842, 0.013804
362932, 0.002221, 0.004736, 0.015783
362932, 0.001744, 0.003628, 0.018090
362932, 0.004632, 0.001967, 0.015028
362932, 0.002977, 0.003145, 0.014749
362932, 0.004687, 0.002117, 0.016822
362932, 0.002156, 0.003769, 0.018419
362932, 0.004225, 0.002237, 0.017548
362932, 0.003387, 0.003270, 0.018030
362932, 0.003532, 0.002427, 0.018255
362932, 0.000495, 0.006008, 0.018022
362932, 0.004546, 0.002303, 0.017170
362932, 0.000489, 0.006122, 0.018283
362932, 0.005862, 0.001970, 0.014809
362932, 0.001386, 0.004042, 0.017800
362932, 0.004159, 0.002208, 0.016886
362932, 0.003935, 0.002495, 0.016175
362932, 0.001390, 0.004043, 0.018251
362932, 0.001002, 0.004528, 0.018004
404846, 0.005294, 0.002102, 0.016514
404846, 0.001796, 0.004754, 0.020224
404846, 0.001703, 0.004668, 0.019807
404846, 0.005939, 0.003101, 0.016431
404846, 0.005251, 0.002370, 0.016103
404846, 0.004503, 0.003408, 0.018516
404846, 0.001562, 0.004447, 0.019956
404846, 0.001843, 0.004239, 0.020263
404846, 0.003857, 0.002819, 0.019987
404846, 0.003440, 0.003220, 0.019927
404846, 0.005881, 0.002905, 0.018832
404846, 0.001885, 0.004167, 0.020668
404846, 0.004228, 0.003176, 0.020343
404846, 0.003928, 0.003090, 0.018088
404846, 0.003995, 0.003313, 0.019873
404846, 0.002820, 0.004845, 0.017563
404846, 0.003293, 0.003241, 0.020567
404846, 0.004693, 0.003242, 0.017199
404846, 0.005188, 0.002831, 0.016233
404846, 0.003840, 0.004477, 0.016502
451600, 0.000898, 0.006842, 0.022141
451600, 0.005920, 0.002715, 0.021201
451600, 0.006442, 0.002712, 0.019201
451600, 0.003244, 0.004529, 0.018414
451600, 0.004298, 0.003022, 0.021657
451600, 0.003478, 0.003598, 0.022672
451600, 0.004579, 0.004020, 0.022009
451600, 0.006679, 0.003130, 0.018920
451600, 0.001886, 0.004560, 0.022697
451600, 0.001976, 0.004699, 0.022810
451600, 0.003564, 0.003972, 0.019324
451600, 0.004607, 0.003311, 0.019541
451600, 0.006813, 0.002904, 0.019644
451600, 0.000892, 0.006479, 0.022681
451600, 0.002109, 0.004410, 0.022321
451600, 0.005188, 0.002736, 0.017618
451600, 0.004382, 0.002885, 0.020335
451600, 0.004657, 0.003476, 0.021520
451600, 0.006753, 0.002744, 0.018099
451600, 0.008683, 0.002242, 0.020315
503754, 0.007345, 0.003406, 0.023025
503754, 0.004230, 0.003885, 0.024249
503754, 0.005291, 0.004705, 0.020834
503754, 0.002683, 0.004873, 0.025223
503754, 0.001336, 0.006506, 0.025070
503754, 0.005718, 0.003870, 0.023814
503754, 0.006188, 0.002746, 0.024268
503754, 0.003925, 0.004034, 0.025408
503754, 0.003119, 0.004254, 0.025388
503754, 0.005983, 0.003710, 0.020803
503754, 0.002930, 0.004346, 0.025298
503754, 0.003556, 0.005174, 0.022743
503754, 0.001864, 0.005963, 0.025064
503754, 0.005192, 0.003299, 0.024894
503754, 0.001066, 0.007602, 0.025272
503754, 0.001816, 0.006413, 0.025255
503754, 0.007461, 0.002879, 0.021161
503754, 0.004687, 0.004149, 0.021390
503754, 0.005351, 0.003313, 0.021273
503754, 0.005118, 0.004629, 0.022378
561931, 0.006707, 0.003247, 0.025131
561931, 0.007070, 0.007284, 0.023111
561931, 0.002509, 0.006107, 0.027883
561931, 0.006292, 0.004598, 0.026813
561931, 0.004148, 0.005515, 0.023943
561931, 0.006648, 0.003218, 0.023054
561931, 0.004890, 0.004733, 0.024092
561931, 0.005212, 0.004417, 0.026581
561931, 0.008817, 0.003163, 0.022377
561931, 0.002290, 0.006007, 0.027949
561931, 0.003541, 0.006429, 0.024766
561931, 0.002497, 0.006164, 0.028338
561931, 0.006376, 0.003959, 0.026075
561931, 0.004665, 0.004436, 0.024497
561931, 0.005695, 0.003859, 0.023418
561931, 0.004767, 0.004135, 0.025523
561931, 0.001519, 0.007061, 0.027947
561931, 0.005249, 0.004168, 0.028279
561931, 0.002561, 0.005889, 0.027716
561931, 0.006372, 0.004684, 0.024215
626826, 0.001259, 0.008973, 0.031542
626826, 0.003856, 0.005238, 0.032064
626826, 0.005974, 0.007083, 0.027015
626826, 0.004858, 0.006029, 0.026945
626826, 0.007870, 0.003839, 0.024794
626826, 0.006855, 0.005021, 0.025633
626826, 0.003217, 0.005901, 0.031897
626826, 0.006480, 0.004105, 0.027157
626826, 0.005439, 0.005138, 0.031210
626826, 0.008217, 0.003551, 0.026087
626826, 0.004331, 0.005696, 0.030843
626826, 0.004894, 0.005691, 0.031236
626826, 0.004141, 0.007030, 0.027096
626826, 0.003035, 0.006556, 0.030950
626826, 0.007572, 0.004242, 0.027633
626826, 0.003349, 0.005767, 0.031476
626826, 0.003673, 0.008527, 0.027916
626826, 0.008634, 0.004552, 0.028330
626826, 0.010015, 0.003468, 0.025159
626826, 0.005578, 0.004397, 0.031516
699216, 0.009864, 0.003904, 0.028110
699216, 0.006559, 0.005090, 0.033898
699216, 0.003683, 0.006877, 0.034726
699216, 0.004717, 0.006157, 0.034775
699216, 0.011257, 0.003900, 0.026729
699216, 0.002000, 0.009040, 0.034386
699216, 0.010943, 0.003403, 0.029655
699216, 0.003323, 0.006537, 0.034731
699216, 0.004443, 0.008299, 0.029505
699216, 0.011395, 0.004379, 0.028695
699216, 0.009121, 0.004821, 0.027519
699216, 0.010971, 0.004697, 0.028671
699216, 0.004971, 0.006421, 0.034660
699216, 0.009929, 0.005049, 0.029915
699216, 0.003563, 0.006526, 0.034795
699216, 0.006441, 0.005040, 0.035088
699216, 0.007844, 0.005118, 0.029528
699216, 0.004892, 0.007141, 0.031558
699216, 0.005433, 0.006062, 0.028943
699216, 0.001890, 0.009129, 0.035150
779966, 0.011760, 0.004238, 0.037188
779966, 0.004323, 0.007163, 0.039584
779966, 0.009638, 0.005595, 0.032780
779966, 0.008547, 0.005029, 0.032570
779966, 0.003756, 0.008388, 0.039074
779966, 0.001084, 0.012826, 0.038893
779966, 0.001533, 0.011193, 0.039478
779966, 0.001640, 0.011199, 0.039127
779966, 0.010834, 0.004366, 0.033414
779966, 0.004567, 0.006673, 0.039390
779966, 0.011620, 0.005560, 0.030418
779966, 0.011814, 0.004773, 0.032069
779966, 0.008702, 0.005187, 0.036951
779966, 0.007447, 0.005587, 0.038912
779966, 0.008673, 0.004714, 0.037568
779966, 0.011661, 0.004491, 0.032360
779966, 0.001328, 0.012217, 0.038874
779966, 0.005753, 0.008105, 0.032222
779966, 0.004233, 0.007362, 0.039504
779966, 0.009567, 0.006492, 0.034512
870042, 0.010680, 0.006155, 0.036239
870042, 0.010460, 0.007184, 0.036697
870042, 0.003346, 0.008940, 0.043523
870042, 0.011308, 0.005618, 0.038336
870042, 0.005643, 0.010586, 0.037687
870042, 0.003835, 0.009610, 0.043398
870042, 0.001191, 0.014136, 0.043148
870042, 0.003149, 0.009479, 0.043343
870042, 0.001725, 0.012473, 0.043334
870042, 0.008955, 0.006915, 0.039738
870042, 0.005782, 0.009469, 0.041488
870042, 0.004912, 0.007552, 0.043843
870042, 0.008958, 0.007644, 0.041976
870042, 0.004639, 0.012837, 0.043317
870042, 0.002400, 0.010963, 0.043025
870042, 0.004066, 0.008984, 0.043408
870042, 0.009171, 0.006283, 0.035004
870042, 0.008011, 0.006585, 0.037708
870042, 0.003514, 0.009038, 0.043172
870042, 0.006317, 0.008482, 0.038179
970520, 0.001302, 0.016020, 0.048003
970520, 0.003285, 0.011402, 0.048208
970520, 0.005904, 0.012073, 0.044516
970520, 0.007701, 0.008497, 0.041120
970520, 0.005914, 0.012726, 0.042810
970520, 0.018715, 0.006255, 0.039192
970520, 0.011477, 0.006870, 0.040514
970520, 0.004398, 0.010357, 0.047397
970520, 0.010829, 0.006020, 0.046510
970520, 0.009485, 0.006466, 0.045115
970520, 0.015125, 0.010059, 0.041239
970520, 0.009006, 0.007362, 0.044642
970520, 0.011386, 0.006742, 0.040033
970520, 0.007010, 0.008383, 0.048907
970520, 0.016342, 0.005695, 0.039544
970520, 0.004350, 0.010620, 0.048512
970520, 0.008274, 0.008450, 0.043124
970520, 0.015364, 0.004927, 0.041182
970520, 0.004096, 0.010033, 0.048344
970520, 0.004493, 0.009834, 0.047471
1082602, 0.005554, 0.011115, 0.053976
1082602, 0.008519, 0.008207, 0.054227
1082602, 0.004133, 0.011340, 0.053364
1082602, 0.010941, 0.007904, 0.053774
1082602, 0.018002, 0.005347, 0.048821
1082602, 0.003224, 0.013023, 0.054212
1082602, 0.016101, 0.006061, 0.044213
1082602, 0.002747, 0.014111, 0.054050
1082602, 0.002038, 0.015142, 0.053824
1082602, 0.011039, 0.007124, 0.052739
1082602, 0.002166, 0.014949, 0.054118
1082602, 0.005421, 0.010519, 0.053041
1082602, 0.002448, 0.014013, 0.053870
1082602, 0.011463, 0.007859, 0.050588
1082602, 0.004421, 0.011241, 0.053976
1082602, 0.008338, 0.010594, 0.047685
1082602, 0.010490, 0.007502, 0.046377
1082602, 0.015641, 0.005830, 0.041163
1082602, 0.013869, 0.006064, 0.042510
1082602, 0.007509, 0.009427, 0.053551
1207629, 0.011992, 0.008390, 0.058314
1207629, 0.010729, 0.009536, 0.060261
1207629, 0.009499, 0.011411, 0.051817
1207629, 0.013795, 0.009801, 0.050595
1207629, 0.006013, 0.012289, 0.060083
1207629, 0.002304, 0.017466, 0.060399
1207629, 0.009317, 0.009365, 0.060627
1207629, 0.015364, 0.007286, 0.051430
1207629, 0.008835, 0.011435, 0.050745
1207629, 0.007012, 0.016308, 0.053852
1207629, 0.013776, 0.006892, 0.054204
1207629, 0.013566, 0.007472, 0.049994
1207629, 0.013575, 0.007760, 0.059194
1207629, 0.010840, 0.009169, 0.060690
1207629, 0.011490, 0.009275, 0.058078
1207629, 0.001551, 0.020278, 0.059803
1207629, 0.011541, 0.012921, 0.049826
1207629, 0.010676, 0.009636, 0.050938
1207629, 0.005070, 0.013075, 0.059564
1207629, 0.014455, 0.006924, 0.053488
1347094, 0.014843, 0.009178, 0.065984
1347094, 0.010580, 0.013155, 0.058467
1347094, 0.004438, 0.015188, 0.067415
1347094, 0.019318, 0.007547, 0.063361
1347094, 0.023401, 0.007378, 0.054460
1347094, 0.010234, 0.013587, 0.062629
1347094, 0.004395, 0.016779, 0.067585
1347094, 0.019896, 0.007552, 0.061294
1347094, 0.001884, 0.022303, 0.067602
1347094, 0.012996, 0.010135, 0.056997
1347094, 0.019335, 0.007339, 0.053227
1347094, 0.004024, 0.017241, 0.067618
1347094, 0.010860, 0.010500, 0.067611
1347094, 0.011078, 0.011280, 0.064819
1347094, 0.008735, 0.011190, 0.067638
1347094, 0.013098, 0.010646, 0.065980
1347094, 0.010825, 0.013485, 0.064610
1347094, 0.014686, 0.013065, 0.063258
1347094, 0.015335, 0.009700, 0.062091
1347094, 0.017046, 0.008091, 0.058072
1502665, 0.022207, 0.011215, 0.071392
1502665, 0.018570, 0.009310, 0.073819
1502665, 0.010994, 0.012886, 0.075911
1502665, 0.009222, 0.013967, 0.074803
1502665, 0.006088, 0.015536, 0.074304
1502665, 0.012185, 0.012591, 0.074808
1502665, 0.024640, 0.007576, 0.059583
1502665, 0.017887, 0.008441, 0.072836
1502665, 0.020498, 0.010940, 0.058907
1502665, 0.012928, 0.019254, 0.066434
1502665, 0.018875, 0.007714, 0.059837
1502665, 0.010382, 0.016690, 0.063182
1502665, 0.026400, 0.009030, 0.072331
1502665, 0.009169, 0.014271, 0.074371
1502665, 0.002900, 0.021871, 0.075432
1502665, 0.017199, 0.010815, 0.071793
1502665, 0.013517, 0.010516, 0.075847
1502665, 0.009320, 0.014583, 0.074969
1502665, 0.003803, 0.019144, 0.075946
1502665, 0.034184, 0.008746, 0.062883
1676202, 0.014143, 0.013953, 0.083739
1676202, 0.010097, 0.016092, 0.085112
1676202, 0.007953, 0.027612, 0.082741
1676202, 0.006284, 0.019241, 0.082902
1676202, 0.007670, 0.018093, 0.082949
1676202, 0.019132, 0.015101, 0.070265
1676202, 0.010342, 0.014665, 0.084831
1676202, 0.028494, 0.009019, 0.074240
1676202, 0.009007, 0.024611, 0.080942
1676202, 0.023753, 0.008875, 0.065984
1676202, 0.015824, 0.012592, 0.068181
1676202, 0.008763, 0.015377, 0.084241
1676202, 0.018513, 0.010989, 0.072596
1676202, 0.022496, 0.013396, 0.078186
1676202, 0.006249, 0.018256, 0.082731
1676202, 0.016366, 0.011293, 0.079855
1676202, 0.011056, 0.018795, 0.071519
1676202, 0.025986, 0.010756, 0.065638
1676202, 0.012628, 0.016459, 0.071752
1676202, 0.009600, 0.015486, 0.083143
1869781, 0.028702, 0.010779, 0.072924
1869781, 0.024449, 0.011655, 0.088404
1869781, 0.023091, 0.010611, 0.090127
1869781, 0.025643, 0.010096, 0.073228
1869781, 0.012437, 0.022380, 0.081897
1869781, 0.024527, 0.009238, 0.084178
1869781, 0.018695, 0.015125, 0.079318
1869781, 0.010979, 0.024783, 0.082566
1869781, 0.010083, 0.018668, 0.091587
1869781, 0.019923, 0.014650, 0.083728
1869781, 0.010171, 0.017307, 0.093877
1869781, 0.011150, 0.017523, 0.093043
1869781, 0.012123, 0.020874, 0.083729
1869781, 0.008792, 0.019293, 0.096085
1869781, 0.015001, 0.016019, 0.078785
1869781, 0.009824, 0.028275, 0.087510
1869781, 0.014518, 0.014801, 0.092496
1869781, 0.008927, 0.018736, 0.091844
1869781, 0.019933, 0.012106, 0.089174
1869781, 0.020550, 0.014018, 0.088160
2085716, 0.023660, 0.014139, 0.099076
2085716, 0.026041, 0.013959, 0.085989
2085716, 0.014562, 0.018566, 0.103966
2085716, 0.012767, 0.026156, 0.101338
2085716, 0.024769, 0.012682, 0.094632
2085716, 0.013543, 0.017925, 0.103626
2085716, 0.010882, 0.022011, 0.103307
2085716, 0.014253, 0.019026, 0.103332
2085716, 0.003701, 0.031298, 0.104996
2085716, 0.021192, 0.013167, 0.100248
2085716, 0.013596, 0.018788, 0.105894
2085716, 0.005154, 0.029572, 0.104836
2085716, 0.022626, 0.017396, 0.100782
2085716, 0.025961, 0.012778, 0.085574
2085716, 0.021379, 0.020028, 0.097446
2085716, 0.014368, 0.023580, 0.103435
2085716, 0.010820, 0.021841, 0.108722
2085716, 0.015944, 0.020711, 0.093429
2085716, 0.021989, 0.014956, 0.095539
2085716, 0.006106, 0.029612, 0.107803
2326588, 0.030190, 0.015955, 0.099215
2326588, 0.015337, 0.028188, 0.099965
2326588, 0.033067, 0.016337, 0.097361
2326588, 0.010759, 0.022412, 0.115714
2326588, 0.015878, 0.027574, 0.101635
2326588, 0.036018, 0.013141, 0.087625
2326588, 0.031100, 0.014738, 0.106847
2326588, 0.012897, 0.021242, 0.117289
2326588, 0.012683, 0.035364, 0.105690
2326588, 0.009313, 0.025901, 0.116416
2326588, 0.028987, 0.020015, 0.109088
2326588, 0.019829, 0.018711, 0.117911
2326588, 0.026141, 0.016266, 0.116150
2326588, 0.012344, 0.023735, 0.115839
2326588, 0.015304, 0.021329, 0.115560
2326588, 0.004546, 0.033690, 0.117030
2326588, 0.031685, 0.016430, 0.096693
2326588, 0.005717, 0.031569, 0.117569
2326588, 0.005270, 0.031694, 0.117924
2326588, 0.036529, 0.015536, 0.097750
2595278, 0.004332, 0.042382, 0.130467
2595278, 0.011438, 0.026241, 0.129287
2595278, 0.024186, 0.020893, 0.107753
2595278, 0.027313, 0.022193, 0.114538
2595278, 0.012890, 0.028818, 0.129852
2595278, 0.003547, 0.045194, 0.129315
2595278, 0.030905, 0.017039, 0.125298
2595278, 0.028461, 0.017453, 0.100497
2595278, 0.016104, 0.021827, 0.131907
2595278, 0.019941, 0.021613, 0.130644
2595278, 0.008977, 0.029589, 0.130190
2595278, 0.012080, 0.026082, 0.129232
2595278, 0.024648, 0.022368, 0.121144
2595278, 0.024923, 0.017378, 0.111317
2595278, 0.016116, 0.023712, 0.131225
2595278, 0.026960, 0.018561, 0.128831
2595278, 0.019575, 0.025236, 0.114756
2595278, 0.006720, 0.032680, 0.130686
2595278, 0.014501, 0.023108, 0.130769
2595278, 0.018715, 0.021607, 0.130290
2894998, 0.045974, 0.020766, 0.132268
2894998, 0.022692, 0.030349, 0.132850
2894998, 0.019740, 0.026952, 0.147182
2894998, 0.029811, 0.019091, 0.123512
2894998, 0.008381, 0.034654, 0.145565
2894998, 0.028958, 0.021732, 0.126446
2894998, 0.025896, 0.020565, 0.137341
2894998, 0.025924, 0.024365, 0.142039
2894998, 0.021076, 0.029829, 0.125935
2894998, 0.028417, 0.022740, 0.128826
2894998, 0.023531, 0.021881, 0.145959
2894998, 0.023494, 0.027889, 0.120410
2894998, 0.043827, 0.015324, 0.118053
2894998, 0.023438, 0.030407, 0.142509
2894998, 0.007677, 0.036911, 0.144623
2894998, 0.032423, 0.023111, 0.118785
2894998, 0.029725, 0.018601, 0.132307
2894998, 0.010112, 0.032013, 0.143290
2894998, 0.032367, 0.018820, 0.141776
2894998, 0.029282, 0.029302, 0.122993
3229331, 0.053596, 0.016399, 0.127175
3229331, 0.044946, 0.022757, 0.151223
3229331, 0.019509, 0.028104, 0.162957
3229331, 0.037958, 0.020236, 0.137080
3229331, 0.052631, 0.017268, 0.129017
3229331, 0.019542, 0.027390, 0.163428
3229331, 0.014950, 0.030574, 0.160906
3229331, 0.044455, 0.018932, 0.129599
3229331, 0.018148, 0.031106, 0.159139
3229331, 0.042010, 0.018815, 0.134855
3229331, 0.015179, 0.035598, 0.160859
3229331, 0.040863, 0.027167, 0.131076
3229331, 0.035085, 0.025887, 0.156836
3229331, 0.029286, 0.023336, 0.159605
3229331, 0.025646, 0.032806, 0.147855
3229331, 0.043642, 0.024720, 0.126195
3229331, 0.062480, 0.015723, 0.147256
3229331, 0.025426, 0.025708, 0.162745
3229331, 0.025576, 0.026852, 0.160780
3229331, 0.036737, 0.024279, 0.143487
3602276, 0.033160, 0.028380, 0.164530
3602276, 0.039422, 0.025591, 0.177871
3602276, 0.028247, 0.035589, 0.161370
3602276, 0.030756, 0.033738, 0.169777
3602276, 0.058079, 0.022017, 0.159440
3602276, 0.010741, 0.045469, 0.181591
3602276, 0.026532, 0.038745, 0.151748
3602276, 0.031698, 0.030270, 0.162896
3602276, 0.028587, 0.028235, 0.175908
3602276, 0.040298, 0.022481, 0.157585
3602276, 0.011993, 0.043148, 0.179071
3602276, 0.026253, 0.041062, 0.178844
3602276, 0.040165, 0.022761, 0.153477
3602276, 0.012841, 0.043720, 0.178410
3602276, 0.017224, 0.036812, 0.177318
3602276, 0.040492, 0.028017, 0.146103
3602276, 0.013132, 0.039613, 0.178164
3602276, 0.021910, 0.032843, 0.180300
3602276, 0.009278, 0.045886, 0.180026
3602276, 0.012519, 0.040981, 0.179435
4018290, 0.034697, 0.039524, 0.188533
4018290, 0.053605, 0.025778, 0.166483
4018290, 0.054013, 0.022910, 0.177668
4018290, 0.034471, 0.041796, 0.192411
4018290, 0.018795, 0.043854, 0.197721
4018290, 0.018862, 0.038951, 0.198707
4018290, 0.053849, 0.023132, 0.165587
4018290, 0.044805, 0.024359, 0.184827
4018290, 0.018881, 0.041743, 0.199700
4018290, 0.005665, 0.070844, 0.201080
4018290, 0.018497, 0.043604, 0.199200
4018290, 0.029946, 0.033725, 0.195775
4018290, 0.042689, 0.040850, 0.193834
4018290, 0.034214, 0.034973, 0.164483
4018290, 0.037391, 0.028653, 0.172651
4018290, 0.054586, 0.022990, 0.161844
4018290, 0.009908, 0.054226, 0.201202
4018290, 0.046195, 0.024809, 0.171838
4018290, 0.056198, 0.024988, 0.151235
4018290, 0.016159, 0.049884, 0.199944
4482349, 0.014699, 0.052998, 0.223124
4482349, 0.057093, 0.037663, 0.192375
4482349, 0.013264, 0.057271, 0.223381
4482349, 0.010448, 0.060892, 0.223197
4482349, 0.024519, 0.045092, 0.219709
4482349, 0.049256, 0.029628, 0.184931
4482349, 0.059677, 0.029586, 0.187812
4482349, 0.067670, 0.033045, 0.189977
4482349, 0.036561, 0.036799, 0.211146
4482349, 0.017604, 0.051901, 0.222311
4482349, 0.033011, 0.048474, 0.208665
4482349, 0.071511, 0.023704, 0.194654
4482349, 0.024940, 0.050506, 0.227857
4482349, 0.039584, 0.060097, 0.189210
4482349, 0.027858, 0.042434, 0.222180
4482349, 0.030764, 0.039269, 0.223033
4482349, 0.042712, 0.030239, 0.200569
4482349, 0.009241, 0.064323, 0.225000
4482349, 0.036889, 0.037731, 0.224347
4482349, 0.051055, 0.035068, 0.204237
5000000, 0.007727, 0.082742, 0.249530
5000000, 0.067125, 0.027411, 0.212989
5000000, 0.033891, 0.062490, 0.216937
5000000, 0.070630, 0.035741, 0.214792
5000000, 0.052093, 0.036804, 0.233602
5000000, 0.062845, 0.049866, 0.212098
5000000, 0.057006, 0.031141, 0.233843
5000000, 0.006720, 0.091573, 0.248690
5000000, 0.063991, 0.035863, 0.230189
5000000, 0.013881, 0.061097, 0.247692
5000000, 0.067738, 0.031834, 0.210521
5000000, 0.047540, 0.042113, 0.249776
5000000, 0.041097, 0.048728, 0.236740
5000000, 0.041239, 0.048491, 0.229072
5000000, 0.037036, 0.052123, 0.243727
5000000, 0.029691, 0.064562, 0.235642
5000000, 0.032813, 0.057640, 0.218745
5000000, 0.047526, 0.037521, 0.207685
5000000, 0.051735, 0.045721, 0.241634
5000000, 0.009439, 0.071658, 0.250308
